"0","No Area","0","No Region"
"1879057422","Outer Splinterskull Fortress","0",
"1879057725","House Phiarlan Enclave","1",
"1879057730","Stormreach","1",
"1879057731","The Marketplace","1",
"1879058138","Tangleroot Gorge","0","Tangleroot Gorge"
"1879058304","Inner Splinterskull Fortress","0",
"1879058662","The Path to Madness","0",
"1879058666","The Xorian Cipher","0","House Jorasco Enclave"
"1879058679","The Catacombs","1",
"1879058702","The Sanctuary","0",
"1879058757","Bonebite Hideout","0","Harbor"
"1879058758","The Waterworks","0","Harbor"
"1879058759","Clan Gnashtooth Lair","0",
"1879058760","Clan Gnashtooth Prison","0",
"1879058761","Clan Tunnelworm Lair","0",
"1879058762","Clan Tunnelworm Prison","0",
"1879058763","Library Archives","0",
"1879058764","Dryden Family Tomb","0",
"1879058765","Lower Cathedral","0",
"1879058766","The Patriarch's Crypt","0",
"1879058767","Dryden's Chamber","0",
"1879058768","The Wavecrest Tavern","0","Korthos Island"
"1879058780","Gladewatch Outpost","0","Marketplace"
"1879058789","Cannith Aqueduct","0","Korthos Island"
"1879058790","Hazadill's Shipping Warehouse","0",
"1879058797","Archer Point","0","Marketplace"
"1879058798","Parthilcar Tower Crypt","0","House Jorasco Enclave"
"1879058802","The Scavenger's Warren","0","Harbor"
"1879058803","Redfang's Nesting Grounds","0","Marketplace"
"1879058804","The Foul Chambers","0","Marketplace"
"1879058805","Smuggler's Warehouse","0","Harbor"
"1879058826","The Butcher's Path","0","Harbor"
"1879058827","Den of the Kobold Brothers","0","Harbor"
"1879058828","Cultists' Shrine","0","Harbor"
"1879058829","Troglodyte's Clutch","0","Marketplace"
"1879058835","Irestone Inlet","0","Harbor"
"1879058847","Undead Attack!","0",
"1879058850","The Harbor","1",
"1879058861","The Lightfoot Residence","0","House Jorasco Enclave"
"1879058864","The Sunken Sewer","0","Marketplace"
"1879058865","Quickfoot Hideout","0","Marketplace"
"1879058866","Vault of the Restless","0","House Phiarlan Enclave"
"1879059103","The Kobolds' Blockade","0",
"1879059124","Cloven-Jaw Stronghold","0","Seal of Shan To Kor"
"1879059200","The Halls of Shan-To-Kor","0",
"1879059201","Three-Barrel Cove","0",
"1879059202","The Fire Caves","0","Three Barrel Cove"
"1879059203","Garl's Tomb","0","Three Barrel Cove"
"1879059204","Scoundrel's Run","0","Three Barrel Cove"
"1879059421","Market Indoor","1",
"1879059422","The Harbor - Indoors","1",
"1879059423","House Phiarlan Enclave","1",
"1879059445","Caverns of Shaagh","0",
"1879059470","The Steam Tunnels","0",
"1879059474","Arzag-Khor Sewer","0","House Phiarlan Enclave"
"1879059487","Aboard the 'Sea Witch'","0","Three Barrel Cove"
"1879059799","Invalid","0",
"1879059808","Village Storehouse","0","Korthos Island"
"1879059852","Heyton Family Crypt","0","Korthos Island"
"1879059853","Cannith Manufactury","0","Korthos Island"
"1879059927","Underground Complex","0","Korthos Island"
"1879059976","Invalid Indoor","0",
"1879059997","Caverns of Korromar","0","House Kundarak Enclave"
"1879060009","Redwillow's Ruins","0","House Jorasco Enclave"
"1879060011","Stormcleave Outpost","0","House Deneith Enclave"
"1879060012","Gwylan's Stand","0","House Phiarlan Enclave"
"1879061420","The Depths of Despair","0","House Deneith Enclave"
"1879061421","The Depths of Darkness","0","House Deneith Enclave"
"1879061453","The Giants' Lair","0",
"1879061454","The Flame Lord's Haven","0",
"1879061455","The Brutes' Barracks","0",
"1879061456","The Nexus Chamber","0","Threnal"
"1879061457","Gate of the Black Moon","0",
"1879061458","The Library of Threnal","0",
"1879061459","The Western Ruins","0",
"1879061460","The Southern Ruins","0",
"1879061464","Grey Moon's Den","0",
"1879061465","The Iron Mines","0",
"1879061466","Sorrowdusk Temple","0",
"1879061467","The Temple Outpost","0",
"1879061473","Fane of the Six","0",
"1879061475","The Ruins of Threnal","0",
"1879061486","Sorrowdusk Isle","0","Sorrowdusk Isle"
"1879061697","Haunted Library","0","House Jorasco Enclave"
"1879061709","Tempest's Spine","0","House Jorasco Enclave"
"1879061789","Delera's Antechamber","0",
"1879061790","Delera's Reliquary","0",
"1879061791","Valak's Mausoleum","0",
"1879061807","Eastern Catacombs","0",
"1879061827","House Deneith Enclave","1",
"1879061835","House Kundarak Enclave","1",
"1879061848","House Jorasco Enclave","1",
"1879062183","Delera's Graveyard","1",
"1879062184","Necromancer's Lair","0",
"1879062185","Delera's Tomb","0","Delera's Graveyard"
"1879062746","Chamber of Insanity","0","House Kundarak Enclave"
"1879062747","Ruined Halls","0","House Kundarak Enclave"
"1879062748","Lair of Summoning","0","House Kundarak Enclave"
"1879062749","Forgotten Caverns","0","House Kundarak Enclave"
"1879062762","Lyrandar Outpost","1",
"1879062763","Movement Training Area","0",
"1879062765","Stealth Training Area","0",
"1879062766","Stealth Training Area","0",
"1879062767","Divine Magic Training Area","0",
"1879062768","Magical Training Area","0",
"1879062830","Newbie Outside","1",
"1879062915","The Dead Halls","0","House Jorasco Enclave"
"1879062916","The Scorched Caverns","0","House Kundarak Enclave"
"1879062963","Hidden Chapel","0","House Phiarlan Enclave"
"1879062974","The Twelve","1",
"1879062977","Belly Up Tavern","1",
"1879062978","Phoenix Tavern","1",
"1879062980","Hammersmith's Inn","1",
"1879062981","Ever Full Flagon","1",
"1879062982","Blessed Rest Tavern","1",
"1879062983","Adept's Rest","1",
"1879062984","The Golden Wing Inn","1",
"1879062985","Anvilfire Inn","1",
"1879062986","Drowning Sorrows Tavern","1",
"1879062987","Open Palm Inn","1",
"1879062993","Harbormaster's House","1",
"1879062994","Zoo","0",
"1879063035","The One-Eared Bugbear Tavern","1",
"1879063063","Tavern Silver Flame","1",
"1879063292","Tavern Cellar Test","1",
"1879063293","Tavern Lighting Tests","1",
"1879063454","Emerald Claw's Laboratory","0","House Phiarlan Enclave"
"1879063455","The Depths of Doom","0","House Deneith Enclave"
"1879063456","The Depths of Discord","0","House Deneith Enclave"
"1879063679","Ian's Dungeon","1",
"1879063702","Jungle Clearing","0",
"1879063703","Tower of the Twelve","0",
"1879063704","The Pit","0","House Deneith Enclave"
"1879063705","Kryltheris","0",
"1879063706","Little Harpy","0",
"1879063707","Manor Basement","0",
"1879063708","Lordsmarch Bank","1","Marketplace"
"1879063709","Rattrap","0",
"1879063710","Stage2 Dungeon","0",
"1879063711","Black Anvil Forest","0",
"1879063712","Rocky Island","0",
"1879063713","The Church Ward","1",
"1879063714","Test Jasons","0",
"1879063715","Test Stealth","0",
"1879063717","Default","0",
"1879063718","Test Split Dungeon","0",
"1879063720","Bank of Kundarak","1",
"1879063721","Sewers","0",
"1879063722","Test Art Light","0",
"1879063723","Lavacave Shell","0",
"1879063724","Natural Cave Shell","0",
"1879063725","Test Combat Test","0",
"1879063726","Test Pathing Test","0",
"1879063727","Test Swimming Test","1",
"1879063728","Test Dan T","0",
"1879063729","Test D3-2","0",
"1879063733","Tavern Jorasco","1",
"1879063815","Korthos Hall","0","Korthos Island"
"1879063818","Miller Tarrigan's House","0","Harbor"
"1879063819","Decrepit Catacombs","0","Korthos Island"
"1879063820","Osgood's Basement","0","Harbor"
"1879063821","Gamblers' Den","0","Harbor"
"1879063822","Fallowcrest Library","0","Harbor"
"1879063823","Eyegouger's Basement","0","Harbor"
"1879063885","Test Unknown","0",
"1879063889","Test Crypt1","0",
"1879063890","Test Crypt2","0",
"1879063891","Test Crypt3","0",
"1879063892","Test Crypt4","0",
"1879063994","The Wayward Lobster","1",
"1879063995","Stealth Training Area","0",
"1879063996","The Eye of Kol Korran","1",
"1879063997","The Salty Wench Tavern","1",
"1879063998","The Leaky Dinghy","1",
"1879063999","The Rusty Nail","1",
"1879064000","Bogwater Tavern","1",
"1879064001","The Wavecrest Tavern","1","Korthos Island"
"1879064003","Test Gear Sets","0",
"1879064004","Test Out Dated Dungeon","0",
"1879064005","Test Infinislide","0",
"1879064006","Lavacavern","0",
"1879064022","Test Crypt5","0",
"1879064023","Raxan Vault","0",
"1879064024","Test Cathedral","0",
"1879064027","Lava Room","0",
"1879064028","Jsiadek","0",
"1879064029","Erin1","0",
"1879064052","Cartamon's Shipping Warehouse","0",
"1879064213","The Pool of Reflection","0",
"1879064221","Lordsmarch Bank","1","Marketplace"
"1879064725","Jorasco Foyer","1",
"1879064726","House Deneith - Foyer","1",
"1879064727","Phiarlan Foyer","1",
"1879064728","Tower of the Twelve - Foyer","1",
"1879064895","The Rook's Gambit","1",
"1879064897","Euphonia's Challenge","0","Harbor"
"1879065023","Lordsmarch Bank","1","Marketplace"
"1879065481","Delver's Canteen","1",
"1879065524","Healing Magic Room","0",
"1879065525","Combat Magic Training Area","0",
"1879066157","Combat Training Area","0",
"1879066425","Secret Room C","0",
"1879066429","Secret Room E","0",
"1879066437","Secret Room A","0",
"1879066454","Secret Room D","0",
"1879066759","Postern Gate Wilds","0",
"1879068240","Ripplel's Tomb","0",
"1879069578","Tharashk Arena","0","Vault of Night"
"1879069579","The Haywire Foundry","0","Vault of Night"
"1879069580","Temple of Vol","0","House Phiarlan Enclave"
"1879069724","Blackheart Encampment","0",
"1879069762","Jungles of Khyber","0","Vault of Night"
"1879069790","Stromvauld's Mine","0","House Deneith Enclave"
"1879069882","Vault of Night","0","Vault of Night"
"1879069946","Prison of the Mind","0","Vault of Night"
"1879070040","Kobold Island","0",
"1879070059","Knave's Hollow","0","House Deneith Enclave"
"1879070323","Mistress Orphne's Haven","1",
"1879070501","The Waterworks","0","Harbor"
"1879070502","Plane of Night","0",
"1879070522","The Western Ruins","1",
"1879070545","Temple of the Sovereign Host","1",
"1879070566","The Lea","0",
"1879070663","The Hill","0","House Jorasco Enclave"
"1879070677","The Foothold","1",
"1879070678","Restless Isles","0","Restless Isles"
"1879070819","Sharpwood's Warehouse","0","Harbor"
"1879070820","Jorn Family Crypt","0","Harbor"
"1879070821","Scrag's Sewer","0","Harbor"
"1879070994","Black Anvil Mines","0","House Kundarak Enclave"
"1879071129","Cartamon's Shipping Warehouse","0",
"1879071284","The Black Mausoleum","0","Necropolis"
"1879071285","The Bloody Crypt","0","Necropolis"
"1879071286","The Cursed Crypt","0","Necropolis"
"1879071287","The Shadow Crypt","0","Necropolis"
"1879071288","Tomb of the Burning Heart","0","Necropolis"
"1879071289","Tomb of the Crimson Heart","0","Necropolis"
"1879071291","Tomb of the Forbidden","0","Necropolis"
"1879071292","Tomb of the Immortal Heart","0","Necropolis"
"1879071293","Tomb of the Sanguine Heart","0","Necropolis"
"1879071294","Tomb of the Shadow Guard","0","Necropolis"
"1879071295","Tomb of the Shadow King","0","Necropolis"
"1879071296","Tomb of the Shadow Knight","0","Necropolis"
"1879071297","Tomb of the Shadow Lord","0","Necropolis"
"1879071298","Tomb of the Tormented","0","Necropolis"
"1879071299","Tomb of the Unhallowed","0","Necropolis"
"1879071419","The Necropolis","1",
"1879071694","The Bloody Crypt","0","Necropolis"
"1879071711","Twilight Forge Core","0",
"1879071847","Keeper's Sanctuary","0","Delera's Graveyard"
"1879071902","Ghola-Fan's Compound","0","Restless Isles"
"1879072236","Marketplace Bazaar","1",
"1879072319","The Shrieking Mines","0","Restless Isles"
"1879072482","Twilight Forge","0","Restless Isles"
"1879072531","Tomb of the Ancients","0","House Phiarlan Enclave"
"1879072810","The Portable Hole","1","Gatekeepers' Grove"
"1879072956","Volcano's Mouth","1",
"1879072980","The Stash","0",
"1879073001","Tomb of the Astrologer","0","Menechtarun"
"1879073002","Sands of Menechtarun","0",
"1879073003","The Fallen Shrine","0","Menechtarun"
"1879073004","The Circle of Eternity","0","Menechtarun"
"1879073006","Vulkoorim Creche","0",
"1879073009","The Vulkoor Spiral","0","Menechtarun"
"1879073010","Tomb of the Physician","0","Menechtarun"
"1879073011","The Court of Lailat","0","Menechtarun"
"1879073012","The Broken Highway","0","House Phiarlan Enclave"
"1879073013","Zawabi's Refuge","1",
"1879073014","Tomb of the Wizard-King","0","Menechtarun"
"1879073015","The Burning City","0","Menechtarun"
"1879073030","Firebrand Mines","0","Menechtarun"
"1879073063","Gate of Nightmares","0","House Jorasco Enclave"
"1879073064","Haywire Grotto","0","House Kundarak Enclave"
"1879073065","Parthilcar Tower Crypt","0","House Jorasco Enclave"
"1879073066","Penitent's Rest","0","Delera's Graveyard"
"1879073067","Spire of Validus","0","Delera's Graveyard"
"1879073141","Lava Cave","0",
"1879073177","Whisperdoom's Lair","0","House Phiarlan Enclave"
"1879073438","Quickfoot Arena","0",
"1879073901","Karsmore Family Crypt","1",
"1879074299","Death Chamber","0",
"1879074454","Menechtarun","0",
"1879074977","The Shrouded Vale","0","House Phiarlan Enclave"
"1879075765","Masei Imports","1",
"1879075772","Monster Test Area","1",
"1879075773","Goodblade's House","1",
"1879075814","Test Dojo","1",
"1879075828","QA BVT DUNGEON","0",
"1879076528","Ruins of Gianthold","0","Gianthold"
"1879077044","The Crucible","0","Gianthold"
"1879077444","Hobgoblin Lair","0","Gianthold"
"1879077458","Orc Lair","0","Gianthold"
"1879077459","Troll Lair","0","Gianthold"
"1879077460","Rakshasa Lair","0","Gianthold"
"1879077462","Minotaur Lair","0","Gianthold"
"1879077492","Gianthold","1",
"1879077493","Aurum Lair","0","Gianthold"
"1879077517","Madstone Crater","0","Gianthold"
"1879077940","The Cerulean Hills","0","Necropolis"
"1879078642","Prison of the Planes","0","Gianthold"
"1879079056","Stormreaver's Chambers","0","Gianthold"
"1879079081","Gianthold Tor","0","Gianthold"
"1879079906","Orchard of the Macabre","0","Necropolis"
"1879079939","Tomb of the Blighted","0","Necropolis"
"1879079961","Ataraxia's Haven","0","Ataraxia's Haven"
"1879080137","Smuggler's Hollow","0",
"1879080138","Mineshaft IV","0","Ataraxia's Haven"
"1879080527","Hall of the Mark","0",
"1879080642","Inferno of the Damned","0","Necropolis"
"1879080643","Desecrated Temple of Vol","0","Necropolis"
"1879080644","Hall of Ascension","0",
"1879080645","Glacial Abyss","0","Necropolis"
"1879080646","Flesh Maker's Laboratory","0","Necropolis"
"1879080835","Searing Heights","0","Searing Heights"
"1879080854","Vile Apothecary","0","Marketplace"
"1879082320","Vale of Twilight","0","Vale of Twilight"
"1879082321","Meridia","1","Vale of Twilight"
"1879082353","The Shroud","0",
"1879083101","Den of Obscurity","0","Vale of Twilight"
"1879083250","Crimson Foot Hive","0","Vale of Twilight"
"1879083847","Eladrin Stronghold","0","Vale of Twilight"
"1879083848","The Fallen Temple","0","Vale of Twilight"
"1879083854","Twilight Canyon","0","Vale of Twilight"
"1879086500","The Subterrane - Central","0",
"1879086501","The Subterrane - East","0",
"1879086502","The Subterrane - North","0",
"1879086511","The Crimson Cay","0","Evertraid"
"1879086512","Fulgur Gulch","0","Evertraid"
"1879086513","The West Wind's Mistress","0","Evertraid"
"1879086542","Beneath The House Deneith Enclave","0","Subterrane"
"1879086543","Beneath The House Jorasco Enclave","0","Subterrane"
"1879086544","Beneath The House Kundarak Enclave","0",
"1879086545","Beneath The House Phiarlan Enclave","0",
"1879086652","Goldhorn's Repository","0","Three Barrel Cove"
"1879086825","Market Barracks","0","Marketplace"
"1879087011","The Wheeping Cove","0","Three Barrel Cove"
"1879088646","The Azure Shoals","0","The Inspired Quarter"
"1879089148","Rackam's Trial","0","Three Barrel Cove"
"1879089400","The Black Loch","1","House Deneith Enclave"
"1879094629","Shipwreck Shore","1","Korthos Island"
"1879094630","Misery's Peak","0","Korthos Island"
"1879094631","The Grotto","0",
"1879094632","Korthos Village","1",
"1879094633","Korthos Island","0","Korthos Island"
"1879095910","Drow Monastery","0","Reaver's Refuge"
"1879095924","Volcanic Mine","0","Reaver's Refuge"
"1879095926","Siber Atoll","1",
"1879095927","Dragon Sanctuary","0","Reaver's Refuge"
"1879095928","Sorjek's Lair","0","Reaver's Refuge"
"1879095929","Reaver's Refuge","1",
"1879096046","Soami Gardens","0",
"1879097277","Eerie Forest","0",
"1879097279","Mount Reysalon","0",
"1879097281","Aussircaex's Valley","0",
"1879097678","Amrath","1",
"1879097682","Devil Battlefield","0","Shavarath - Devil"
"1879097713","Hall of the Third Legion","0","Shavarath - Devil"
"1879097731","Ternathear's Inner Lair","0","Reaver's Refuge"
"1879097853","Genesis Point","0","Shavarath - Devil"
"1879097981","The Tower of Despair","0",
"1879098115","The Iron Maw","0","Shavarath - Devil"
"1879098126","Citadel on the Devils' Spine","0","Shavarath - Devil"
"1879098383","The Blood Road","0","House Deneith Enclave"
"1879100415","Tower Cave","1",
"1879100601","Amrath","1",
"1879100623","Resort Spa","1",
"1879100768","The Devil Pit","0",
"1879101665","Nash Braza's Farmstead","0",
"1879101678","Grul Tribe Outpost","0","Harbor"
"1879101692","Lordsmarch Bank","0","Marketplace"
"1879101719","The Shiny Shilling","0","Marketplace"
"1879102008","Goldstone Manor","0","Marketplace"
"1879102101","Perdition Pass","0","Shavarath - Devil"
"1879102121","Adventurer's Camp","0","Shavarath - Devil"
"1879102140","The Dragontail Saloon","0","Marketplace"
"1879102274","The Tenements","0","Marketplace"
"1879102335","The Airship ""Heart of Wind""","1",
"1879102352","The Binder Home","0","Marketplace"
"1879102985","The Inspired Quarter","1",
"1879102986","Sunken Parish","0","The Inspired Quarter"
"1879103029","Aspect Mine","0","The Inspired Quarter"
"1879103033","Inspiration Center","0","The Inspired Quarter"
"1879103037","Jeets' Mind","0","The Inspired Quarter"
"1879103038","The Necropolis","1",
"1879103100","Dar Qat Trade Mission","0","The Inspired Quarter"
"1879103157","Goodblade's Artifact","0","The Inspired Quarter"
"1879103269","Isle of Forgotten Dreams","1",
"1879103271","The Giants' Vault","0","The Inspired Quarter"
"1879103281","Plane of Nightmares","0","The Inspired Quarter"
"1879103301","Forgotten Ruins","0","The Inspired Quarter"
"1879103476","Wylkes Manor","1",
"1879103910","The Airship ""Heart of Wind""","1",
"1879103911","The Bridge Between","1",
"1879103914","The Airship ""Heart of Wind""","1",
"1879105660","Sentinels Tower","0","House Deneith Enclave"
"1879105665","Mistral Island","0","House Deneith Enclave"
"1879105667","The Bargain Bazaar","0","House Deneith Enclave"
"1879105668","The Black Loch","0","House Deneith Enclave"
"1879106410","Acid-Scar Caverns","0","The Twelve"
"1879106412","The Demon's Den","0","The Inspired Quarter"
"1879106423","The Sleeping Spell Inn","0","The Twelve"
"1879106425","Driftwood Mire","0","The Twelve"
"1879108191","Mammoth Valley","0","House Phiarlan Enclave"
"1879108199","Golden Wing Side Entrance","0","House Phiarlan Enclave"
"1879108204","The Traveling Troubadours","0","House Phiarlan Enclave"
"1879108208","The House of Tomfoolery","0","House Phiarlan Enclave"
"1879108210","Phiarlan Chapterhouse","0","House Phiarlan Enclave"
"1879108403","The Red Fens","0","The Red Fens"
"1879108435","Refuge of the Ancestors","0","The Red Fens"
"1879108436","Claw Canyon","0","The Red Fens"
"1879108437","Ancient Ziggurat","0","The Red Fens"
"1879109019","The Deeps","0","The Red Fens"
"1879109893","Windspyre Gryphon","1",
"1879110772","Windspyre Falcon","1",
"1879110773","Windspyre Sparrow","1",
"1879113837","Stormglory Typhoon","1",
"1879113838","Stormglory Bolt","1",
"1879113839","Stormglory Tempest","1",
"1879114381","Airship Showroom","1",
"1879115223","Stormreach Harbor Blockade","0","Lordsmarch Plaza"
"1879115224","Lordsmarch Plaza","0","Lordsmarch Plaza"
"1879115225","Temple Ruins","0","Lordsmarch Plaza"
"1879115226","Sapper Tunnel","0","Lordsmarch Plaza"
"1879115227","Lordsmarch Palace","1",
"1879115228","Summerfield District","0","Lordsmarch Plaza"
"1879115229","Lordsmarch Plaza","1","Lordsmarch Plaza"
"1879115230","The Skyfall Coast","0","Lordsmarch Plaza"
"1879115231","Matador Village","0","Lordsmarch Plaza"
"1879115232","The Chronoscope","0","Marketplace"
"1879118797","Summoning Chamber D","1",
"1879119538","Summoning Chamber A","1",
"1879119539","Summoning Chamber B","1",
"1879119540","Summoning Chamber C","1",
"1879120612","Harborview Lofts","0",
"1879120613","Blode's Curio Shop","0","Harbor"
"1879120614","The Saltire District","0","Harbor"
"1879120615","Creative Objects Storage","0","Harbor"
"1879120616","The Embers Asylum","0","The Twelve"
"1879120617","The Lower Arcanum","0","The Twelve"
"1879120618","The Sleeping Spell Inn","0","The Twelve"
"1879120619","Deep Within Khyber","0","The Twelve"
"1879120773","Crystal Cove","0",
"1879120774","Smuggler's Rest","1",
"1879131352","Crafting Hall","1","Crafting"
"1879131886","The Tower of the Twelve","1",
"1879132415","House Cannith Manufactury","0","House Cannith Enclave"
"1879132471","House Cannith Enclave","1",
"1879132472","Armament Storage Facility","0","House Cannith Enclave"
"1879132473","Syrania Conduit Floor","0","House Cannith Enclave"
"1879132474","Cannith Power Works","0","House Cannith Enclave"
"1879132475","Toven's Workshop","0","House Cannith Enclave"
"1879132476","Eldritch Site Prime","0",
"1879132477","Lava Caves","0",
"1879132478","Extraplanar Palace","0",
"1879132480","DNT Blades2 Challenge D","0","House Cannith Enclave"
"1879132481","Dr. Rushmore's Mansion","0",
"1879135624","Artificer Workshops","0","House Cannith Enclave"
"1879135796","Research Facility","0","House Cannith Enclave"
"1879136517","House Cannith Crafting Hall","1",
"1879136795","DNT Infinite Caverns Gauntlet","0",
"1879140588","The Road to Tarath Marad","0","Harbor"
"1879140589","Cultist Base","0","Harbor"
"1879140592","The Spinner's Prison","0","Harbor"
"1879146141","The King's Forest","0",
"1879146142","Eveningstar","1","Eveningstar"
"1879146263","Midler Farmhouse","0","King's Forest"
"1879146406","Deep Glen Graveyard","0","King's Forest"
"1879146407","Dank Cave","0","Eveningstar"
"1879147302","The Demonweb","0",
"1879147305","The Demonweb","0",
"1879147306","The Rift Between Worlds","0","The Spinner's Prison"
"1879147307","The Domain of Lord Grulemith","0","The Demonweb"
"1879147308","The Realm of Ruin","0","The Demonweb"
"1879147309","Eveningstar","0","Eveningstar"
"1879147310","Abandoned Temple","0","King's Forest"
"1879147311","Eveningstar War Hospital","0","Eveningstar"
"1879147312","Secret Caverns","0",
"1879147313","Sschindylryn Ziggurat","0","The Underdark"
"1879147314","The Underdark","0","The Underdark"
"1879147315","The Underdark","0","The Underdark"
"1879147316","House Szind","0","The Underdark"
"1879147317","House Dun'Robar","0","The Underdark"
"1879147318","The Eveningstar Well","0","Eveningstar"
"1879147319","The Rift Between Worlds","0","The Spinner's Prison"
"1879148121","House Avithoul","0","The Underdark"
"1879151969","The Ruined Keep","0",
"1879151970","The Underdark Arena","0",
"1879152194","Unassigned","0",
"1879155672","The Demonweb","1",
"1879155949","Grove of the Great Tree","0",
"1879158255","Sschindylryn","0",
"1879158708","Eveningstar Cavern","1",
"1879159856","The Spinner's Prison","1","Harbor"
"1879162843","Eveningstar War Hospital","0","Eveningstar"
"1879162844","The Blooded Wood","0","The High Road"
"1879162845","D N T Not Used","0",
"1879162846","Druid's Deep","0","Eveningstar"
"1879162847","Uthe Lodge","0","Eveningstar"
"1879162848","Thorn Hollow","0","Eveningstar"
"1879162849","Lost Souls' Swamp","0","The High Road"
"1879162850","The Old Man's Face Inn","0","The High Road"
"1879162851","Greenweald Lane","0","The High Road"
"1879162852","Beckside Castle Ruins","0","The High Road"
"1879164789","The High Road","0",
"1879166048","Delera's Graveyard (A)","1",
"1879166049","Delera's Graveyard (D)","1",
"1879166050","Delera's Graveyard (E)","1",
"1879166051","Delera's Graveyard (F)","1",
"1879166052","Delera's Graveyard (B)","1",
"1879166053","Delera's Graveyard (C)","1",
"1879173267","Oldstone Hall","0","Wheloon"
"1879173276","Warehouse District","0","Harbor"
"1879173277","Wheloon Prison","0",
"1879173278","Drainage Culverts","0","Wheloon"
"1879173280","Wheloon Food Dungeon Quest (Not Used)","0",
"1879173282","Netherese Recruiting Center","0","Wheloon"
"1879174694","Merchant's Townhouse","0","Wheloon"
"1879174696","Wheloon Raid Dungeon Quest (Not Used)","0",
"1879174697","Wheloon Preraid Dungeon Quest (Not Used)","0",
"1879175187","Tumblerock Pass","0","The Storm Horns"
"1879175189","Netherese Central Camp","0","The Storm Horns"
"1879175200","Mountain Glacier","0","The Storm Horns"
"1879175205","DNT Dungeon Quest tango","0",
"1879175207","Yarrow Glade","0","The Storm Horns"
"1879175209","Mountain Glacier","0","The Storm Horns"
"1879175370","The Storm Horns","0",
"1879180261","Stormreaver's Chambers","0","Gianthold"
"1879180549","Wheloon Docks","1",
"1879182211","The Creation Forge","1",
"1879183854","Riverside Camp","0","Eveningstar"
"1879183859","Storm Horns Foothills","0","Eveningstar"
"1879183863","Magistrate's Office","0","Wheloon"
"1879184381","Ball and Chain Garret","1",
"1879194365","Hall of Heroes - Eberron","1",
"1879194366","Hall of Heroes - Forgotten Realms","1",
"1879197069","Delera's Graveyard (G)","1",
"1879197085","The Haunted Halls of Eveningstar","0","Eveningstar"
"1879197098","Cannith Training Facility No. 14","0","House Cannith Enclave"
"1879197110","Sable Manor","0","Eveningstar"
"1879197133","It Came From the Desert","0","Thunderholme"
"1879197146","The Ruins of Thunderholme","0",
"1879197149","Aurgloroasa's Lair","0","Thunderholme"
"1879197152","Mountain Summit","0","Thunderholme"
"1879197196","Summoning Chamber E","1",
"1879198048","Stormglory Typhoon","1",
"1879198971","Reincarnation Grove","1",
"1879199317","The Thunder Peaks","1",
"1879200243","Barrel's Bottom","1",
"1879203055","The Thunder Sea","0","Three Barrel Cove"
"1879204667","Volant Signet","1",
"1879204668","Daedalean Kraken","1",
"1879204669","Volant Manifest","1",
"1879204670","Volant Alcazar","1",
"1879204671","Daedalean Glaive","1",
"1879204672","Daedalean Trefoil","1",
"1879205087","Ascension Chamber","0","Necropolis"
"1879206210","Tomb of Horrors","0","Greyhawk"
"1879207252","Temple Depths","0",
"1879207254","Lower Temple of Elemental Evil","0",
"1879207257","Temple Grounds","0",
"1879207267","Cult Safehouse","0","Eveningstar"
"1879207270","Zhentarim Stronghold","0","Eveningstar"
"1879207280","The Sleeping Spell Inn","0","The Twelve"
"1879207281","Palace of Stone","0","The Twelve"
"1879207634","Fashion Show Staging Area","0","The Twelve"
"1879208610","DNT Dungeon Quest training_dungeon_3","0",
"1879208612","DNT Dungeon Quest training_dungeon_2","0",
"1879208614","DNT Dungeon Quest training_dungeon_1","0",
"1879212045","The Adamant Spire","0","Shavarath - Archons"
"1879212051","Amrath's Anchor","0","Shavarath - Archons"
"1879212052","Citadel of the Dawn","0","Shavarath - Archons"
"1879212057","Harrow Castle","0","Shavarath - Archons"
"1879213841","The Night Revels","0",
"1879213842","The Night Revels","0",
"1879213846","The Night Revels","0",
"1879213847","The Night Revels","0",
"1879213849","The Night Revels","0",
"1879213850","The Night Revels","0",
"1879213852","The Night Revels","0",
"1879213853","The Night Revels","0",
"1879213913","Secure Storage Facility","0","The Twelve"
"1879213921","The Portable Hole","0","Gatekeepers' Grove"
"1879213924","Magewright's Hall","0","House Cannith Enclave"
"1879213926","Theobald's Tower","0","Marketplace"
"1879213930","Gatekeepers' Hostel","0","Harbor"
"1879215388","Sewer Ambuscade","0","Vale of Twilight"
"1879215389","House Deneith Stronghold","0",
"1879215390","The Snowpeaks Climb","0",
"1879226059","The Anniversary Party","0",
"1879228633","The Saltire District","0","Harbor"
"1879228634","Memoirs of an Illusory Larcener","0","Harbor"
"1879228635","Stonelands Crevasse","0","Eveningstar"
"1879229243","Slave Lords' Redoubt","0",
"1879229245","Slavers' Stockade","0",
"1879229256","The Forsaken Temple","0",
"1879231388","Harpers' Travelarium","1",
"1879231413","Wayfinders' Travelarium","1",
"1879236266","Dragonborn Settlement","0","Marketplace"
"1879236272","The Chronoscope - again?","0","Marketplace"
"1879236277","Giantish Ruins","0","Marketplace"
"1879236278","Temple of the Storm","0","Marketplace"
"1879236289","DNT - ","0","The Feywild"
"1879236294","DNT - Stonelands Four","0","Misc"
"1879236295","Crawben Bix's Construction Site","0",
"1879236299","DNT - Stonelands One","0","Misc"
"1879236312","The House of Languor","0",
"1879238676","Old Bonegrinder","0",
"1879238680","Death House","0","Barovia"
"1879238693","Old Svalich Road","0","Barovia"
"1879238696","The Land of Barovia","0","Barovia"
"1879238702","Castle Ravenloft","0","Barovia"
"1879238704","The Amber Temple","0","Barovia"
"1879238705","Argynvostholt","0","Barovia"
"1879238706","Castle Ravenloft, Servant's Door","0",
"1879238707","Wachterhaus","0",
"1879238722","The Ruins of Berez","0","Barovia"
"1879238725","The Crypts of Castle Ravenloft","0","Barovia"
"1879238734","Baba Lysaga's Hut","0","Barovia"
"1879238736","Yester Hill","0","Barovia"
"1879238740","The Wizard of Wines","0",
"1879238744","The Abbey of Saint Markovia","0","Barovia"
"1879238856","Drow Camp","0","Tethyamar Mining Outpost"
"1879238861","Tethyamar Mineshaft 214S","0","Tethyamar Mining Outpost"
"1879238865","The Eastern Reaches","0","Tethyamar Mining Outpost"
"1879238866","The Ruins of Ironvale Deep","0","Tethyamar Mining Outpost"
"1879238867","Drow Stronghold","0","Tethyamar Mining Outpost"
"1879238873","Tethyamar Mining Outpost","1",
"1879239905","van Richten's Tower","1",
"1879239906","Blue Water Inn","1",
"1879239907","Blood on the Vine Tavern","1",
"1879242694","The Night Revels","0",
"1879244584","Dockside Cartwrights","0","House Jorasco Enclave"
"1879244591","Dannel's Pride","0","House Jorasco Enclave"
"1879244596","Vulkoori Drow Village","0","House Jorasco Enclave"
"1879244599","The Night Market","0","House Jorasco Enclave"
"1879244604","Outskirts of Stormreach","0","House Jorasco Enclave"
"1879244861","Spectral Dragon","0",
"1879244862","The Night Revels","0",
"1879244863","The Night Revels","0",
"1879244864","Graveyard","0",
"1879245951","SteelStar's Test Area","1",
"1879245952","The Loot Pit","1",
"1879246052","Mondo Valley","0","The Twelve"
"1879246058","Beneath White Plume Mountain","0","The Twelve"
"1879246062","The Memory Library","0","The Twelve"
"1879246065","Stormreach Dump","0","The Twelve"
"1879246071","Brimstone Boulder Prison","0","The Twelve"
"1879248210","Land of Lost Souls","1",
"1879248457","Cogsgate","0","Sharn - Clifftop Tower District"
"1879248460","The Grandview Arms","0","Sharn - Clifftop Tower District"
"1879248462","Lower Dura","0","Sharn - Clifftop Tower District"
"1879248466","Club Clawfoot","0","Sharn - Clifftop Tower District"
"1879248473","Dava Gate","0","Sharn - Clifftop Tower District"
"1879248478","Beneath the Thunder Sea","0","Harbor"
"1879248483","Alcorin's Forge - Arcsteel Foundry","0","Sharn - Clifftop Tower District"
"1879248484","Belgrave's Emporium","0","Sharn - Clifftop Tower District"
"1879248486","Skyway Odeum","0","Sharn - Clifftop Tower District"
"1879248498","Callestan","0","Sharn - Clifftop Tower District"
"1879248499","The Temple of Kol Korran","0","Sharn - Clifftop Tower District"
"1879248525","The Cogs","0",
"1879248537","DNT - ","0","The Feywild"
"1879248538","DNT - ","0","The Feywild"
"1879248543","Alcorin's Forge - Construct Maintenance","0","Sharn - The Cogs"
"1879248544","Sewer Access Point","0","Sharn - The Cogs"
"1879248545","Northshore Wharves","0","Harbor"
"1879248546","Cogs Fighting Arena","0","Sharn - The Cogs"
"1879248548","Abandoned Vaunt Office","0","Sharn - The Cogs"
"1879248550","The Depths - Temple Excavation","0","Sharn - The Cogs"
"1879248554","Malfunctioning Lava Forge","0","Sharn - The Cogs"
"1879248558","Boromar Smugglers' Safehouse","0","Sharn - The Cogs"
"1879248561","Wraithcallers' Temple","0","Sharn - The Cogs"
"1879248563","DNT - ","0","The Feywild"
"1879248572","Night Revels Crypt","1",
"1879248920","Sharn City Watch Station","1",
"1879250057","Hazardous Prototype Repository","0","Sharn - The Cogs"
"1879251736","Sharn - Clifftop Tower District","1",
"1879251737","Sharn - Cliffside Docks District","1",
"1879253348","Alcorin's Forge - Staging Area","1",
"1879255029","Davyd Shelby Meeting","0","Sharn - Clifftop Tower District"
"1879255034","Underlane Neighborhood, Investigation Area","0","Sharn - Clifftop Tower District"
"1879255041","Finding Dorris","0","Sharn - Clifftop Tower District"
"1879255043","Lyrandar Warship","0","Sharn - Clifftop Tower District"
"1879255046","Underlane Neighborhood, Rally Area","0","Sharn - Clifftop Tower District"
"1879255049","Cloudwrights' Club","0","Sharn - Clifftop Tower District"
"1879255383","Sharn - Clifftop Tower District","1",
"1879256685","Orc Caves","0","Keep on the Borderlands"
"1879256686","Gnoll Caves","0","Keep on the Borderlands"
"1879256687","Hobgoblin Caves","0","Keep on the Borderlands"
"1879256691","Shunned Cavern","0","Keep on the Borderlands"
"1879256698","The Snowpeaks","0",
"1879256699","Bugbear Caves","0","Keep on the Borderlands"
"1879256704","The Treasury","0","Keep on the Borderlands"
"1879256710","Kobold Caves","0","Keep on the Borderlands"
"1879256712","Temple of Evil Chaos","0","Keep on the Borderlands"
"1879256742","The Borderlands","0",
"1879256800","The Keep on the Borderlands","1","Keep on the Borderlands"
"1879259095","Sepulchre of the Ancients","0","Gatekeepers' Grove"
"1879259101","Derelict Temple of Arawei","0","Gatekeepers' Grove"
"1879259104","Hargrove Family Farm","0","Gatekeepers' Grove"
"1879259109","The Hut from Beyond","0","Gatekeepers' Grove"
"1879259113","Abandoned Mine Shaft","0","Gatekeepers' Grove"
"1879259348","The Gatekeepers' Grove","1",
"1879260008","The Reliquary of Flame","0","(Invalid String Table reference)"
"1879260012","Canyon of the Eternal Sun","0",
"1879260014","Ancient Sulatar Shrine","0",
"1879260038","Wynwood Hall","0",
"1879260047","Cascading Springs Cottage","0","The Feywild"
"1879260052","Viscount Xavier's Tower","0",
"1879260054","Fallmire Woods","0",
"1879260056","Bitterspine Palace","0",
"1879260071","Duskfall Overlook","0",
"1879260079","The Thornwright's Workshop","0",
"1879260088","Icemount Lodge","0",
"1879260093","Bitterspine Palace","0",
"1879260097","The Treasure Grove","0",
"1879260105","The Feywild","0","The Feywild"
"1879260113","Hunt Tournament Grounds","0",
"1879260127","Valley of the Door","0",
"1879260129","Saffron Hill","0",
"1879260130","DNT Dungeon Quest mini3","0",
"1879260131","DNT Dungeon Quest mini4","0",
"1879260137","Kelpie Lord's Grotto","0",
"1879261806","Roots of the Blessed Tree","0",
"1879261811","Tulgey Wood","0",
"1879261812","Hunters Hollow","0",
"1879261814","DNT - Dungeon quest for mini8","0",
"1879264159","Wynwood Hall","1",
"1879264160","Court of the Wild Hut","1",
"1879265609","The Hut from Beyond","0",
"1879267183","The Haunted House","0",
"1879267187","On the Trail of the Smugglers","0",
"1879267190","Lizardfolk Lair","0",
"1879267192","Sahuagin Fortress","0",
"1879267197","Ruined Tower Basement","0",
"1879267201","Thousand Teeth's Lair","0",
"1879267237","Saltmarsh","0",
"1879267243","The Snapping Line Inn","1",
"1879269032","Crabbers' Cove","0",
"1879269040","Hole in the Ground","0",
"1879269055","Wilderness Campsite","0",
"1879269058","Marsh Shipwreck","0",
"1879271361","Junction of the Spheres","1",
"1879272923","Forbidden Kopru Temple","0","Isle of Dread"
"1879272937","Bullywug Bastion","0","Isle of Dread"
"1879272939","Crab Island","0","Isle of Dread"
"1879272941","Pirates' Point","0","Isle of Dread"
"1879272948","Rampage Site","0","Isle of Dread"
"1879272949","The Canyon Ruins","0","Isle of Dread"
"1879272955","Maurauder Cavern","0","Isle of Dread"
"1879272968","Bamboo Grove","0","Isle of Dread"
"1879272994","Ettercap Tree","0","Isle of Dread"
"1879273004","Journey to the Isle of Dread","0","Isle of Dread"
"1879273006","Tar Ogre Tribe Cavern","0","Isle of Dread"
"1879273009","Crumbling Kopru Base","0","Isle of Dread"
"1879273025","The Firemouth","0","Isle of Dread"
"1879273030","Isle of Dread","0","Isle of Dread"
"1879273070","Isle of Dread - Village of Tanaroa","1","Isle of Dread"
"1879282183","Repository of the Eye of Shavarath","0",
"1879282185","Overgrown Farmland","0",
"1879282186","Brelish Border","0",
"1879282195","Hidden Hand Headquarters","0",
"1879282200","Barington Worthridge's Apartment","0",
"1879282549","Lower Temple of Elemental Evil, Node of Water","0",
"1879282550","Lower Temple of Elemental Evil, Node of Earth","0",
"1879282551","Lower Temple of Elemental Evil, Node of Air","0",
"1879282553","Temple Depths","0",
"1879282554","Lower Temple of Elemental Evil","0",
"1879282556","Lower Temple of Elemental Evil, Node of Fire","0",
"1879282560","Temple of Elemental Evil","0",
"1879282993","Morgrave University - Lower Quad","1",
"1879283265","Sharn Docks","0",
"1879283267","Morgrave University Dormitories","0",
"1879283275","Hall of the Arcane Arts","0",
"1879283283","Perpetual Bond Student Loan Office","0",
"1879283291","Morgrave Upper Commons","0",
"1879283306","Lower City Bank Alleys","0",
"1879283308","Mournlands Training Camp","0",
"1879283324","The Traveler's Astral Fortress","0",
"1879285324","Morgrave University - Upper Commons","1",
"1879287708","On the Trail of the Master Thief","0",
"1879287712","Darstil's Tower","0",
"1879287717","Temple of Shar","0",
"1879287718","Darstil's Tower","0",
"1879287814","Pilgrims' Temple","0",
"1879288423","The Chronoscope","0",
"1879289577","The Speculum","0",
"1879289579","Ildrannath's Tower","0",
"1879289584","The House of Song","0",
"1879289590","Tyrintar's Hall","0",
"1879289594","The Temple to Labelas Enoreth","0",
"1879289597","The Burial Glen","0",
"1879289601","Castle Cormanthor","0",
"1879289606","The Irithlium","0",
"1879289612","The Onaglym","0",
"1879289618","Spiderhaunt Woods","0",
"1879289619","Burning Library","0",
"1879289628","On the Trail of Drow Kidnappers","0",
"1879289637","Former Cult of the Dragon Base","0","Myth Drannor"
"1879289655","Ruins of Myth Drannor","0",
"1879289673","Outskirts of Myth Drannor","1",
